{"cameraMode":{"drawMode":0,"name":"Shaded","section":"Shading Mode"},"sceneLighting":true,"audioPlay":false,"sceneViewState":{"m_AlwaysRefresh":false,"showFog":true,"showSkybox":true,"showFlares":true,"showImageEffects":false,"showParticleSystems":true,"showVisualEffectGraphs":true,"m_FxEnabled":true},"in2DMode":false,"pivot":{"x":0.17474716901779176,"y":0.5009074211120606,"z":0.20791101455688477},"rotation":{"x":-0.008625051937997342,"y":0.9816437363624573,"z":-0.18503475189208985,"w":-0.045690737664699557},"size":3.9605588912963869,"orthographic":false}