{"cameraMode":{"drawMode":0,"name":"Shaded","section":"Shading Mode"},"sceneLighting":false,"audioPlay":false,"sceneViewState":{"m_AlwaysRefresh":false,"showFog":true,"showSkybox":false,"showFlares":true,"showImageEffects":true,"showParticleSystems":true,"showVisualEffectGraphs":true,"m_FxEnabled":true},"in2DMode":false,"pivot":{"x":0.3560837209224701,"y":0.7141001224517822,"z":-6.449100017547607},"rotation":{"x":-0.059476397931575778,"y":0.8848090767860413,"z":-0.11775632202625275,"w":-0.4468945264816284},"size":0.7863396406173706,"orthographic":false}